-- 테스트 계정
-- TODO: 테스트용이지만 비밀번호가 노출된 데이터 세팅. 개선하는 것이 좋을 지 고민해 보자.
insert into user_account (user_id, user_password, nickname, email, memo, created_at, created_by, modified_at, modified_by)
values ('uno', 'asdf1234', 'Uno', 'uno@mail.com', 'I am Uno.', now(), 'uno', now(), 'uno');
insert into user_account (user_id, user_password, nickname, email, memo, created_at, created_by, modified_at, modified_by)
values ('dadak', 'asdf1234', 'Dadak', 'dadak@mail.com', 'Hello.', now(), 'dadak', now(), 'dadak');

-- 게시글 103개
insert into article (user_id, title, content, hashtag, created_at, created_by, modified_at, modified_by) values ('uno', 'Goose, snow', 'Donec posuere metus vitae ipsum. Aliquam non mauris. Morbi non lectus. Aliquam sit amet diam in magna bibendum imperdiet. Nullam orci pede, venenatis non, sodales sed, tincidunt eu, felis. Fusce posuere felis sed lacus. Morbi sem mauris, laoreet ut, rhoncus aliquet, pulvinar sed, nisl. Nunc rhoncus dui vel sem.', '#Khaki', '2022-03-20', 'Noelle', '2022-06-04', 'Joline');
insert into article (user_id, title, content, hashtag, created_at, created_by, modified_at, modified_by) values ('uno', 'Lion, steller sea', 'Donec odio justo, sollicitudin ut, suscipit a, feugiat et, eros. Vestibulum ac est lacinia nisi venenatis tristique. Fusce congue, diam id ornare imperdiet, sapien urna pretium nisl, ut volutpat sapien arcu sed augue. Aliquam erat volutpat. In congue. Etiam justo. Etiam pretium iaculis justo. In hac habitasse platea dictumst. Etiam faucibus cursus urna. Ut tellus.', '#Yellow', '2022-03-15', 'Abbe', '2021-09-09', 'Daria');
insert into article (user_id, title, content, hashtag, created_at, created_by, modified_at, modified_by) values ('uno', 'Jackal, indian', 'Ut at dolor quis odio consequat varius.', '#Pink', '2021-08-14', 'Averill', '2021-11-24', 'Daphne');
insert into article (user_id, title, content, hashtag, created_at, created_by, modified_at, modified_by) values ('uno', 'Kelp gull', 'Phasellus in felis. Donec semper sapien a libero. Nam dui. Proin leo odio, porttitor id, consequat in, consequat ut, nulla. Sed accumsan felis. Ut at dolor quis odio consequat varius. Integer ac leo. Pellentesque ultrices mattis odio. Donec vitae nisi.', '#Pink', '2021-12-07', 'Aidan', '2022-05-19', 'Koo');
insert into article (user_id, title, content, hashtag, created_at, created_by, modified_at, modified_by) values ('uno', 'Warthog', 'Aenean fermentum. Donec ut mauris eget massa tempor convallis. Nulla neque libero, convallis eget, eleifend luctus, ultricies eu, nibh.', '#Orange', '2022-04-20', 'Hazel', '2021-09-10', 'Hilary');
insert into article (user_id, title, content, hashtag, created_at, created_by, modified_at, modified_by) values ('uno', 'Black and white colobus', 'Donec semper sapien a libero. Nam dui. Proin leo odio, porttitor id, consequat in, consequat ut, nulla. Sed accumsan felis. Ut at dolor quis odio consequat varius. Integer ac leo. Pellentesque ultrices mattis odio.', '#Goldenrod', '2021-07-21', 'Laurella', '2021-10-05', 'Lia');
insert into article (user_id, title, content, hashtag, created_at, created_by, modified_at, modified_by) values ('uno', 'Nelson ground squirrel', 'Suspendisse potenti. In eleifend quam a odio. In hac habitasse platea dictumst. Maecenas ut massa quis augue luctus tincidunt. Nulla mollis molestie lorem.', '#Goldenrod', '2022-05-08', 'Clem', '2022-07-08', 'Hilde');
insert into article (user_id, title, content, hashtag, created_at, created_by, modified_at, modified_by) values ('uno', 'Scaly-breasted lorikeet', 'Fusce consequat. Nulla nisl.', '#Pink', '2021-11-22', 'Tove', '2022-07-03', 'Peg');
insert into article (user_id, title, content, hashtag, created_at, created_by, modified_at, modified_by) values ('uno', 'Woolly-necked stork', 'Nullam sit amet turpis elementum ligula vehicula consequat. Morbi a ipsum.', '#Red', '2021-09-20', 'Brooke', '2021-10-03', 'Griz');
insert into article (user_id, title, content, hashtag, created_at, created_by, modified_at, modified_by) values ('uno', 'Chital', 'Etiam vel augue. Vestibulum rutrum rutrum neque. Aenean auctor gravida sem. Praesent id massa id nisl venenatis lacinia. Aenean sit amet justo. Morbi ut odio. Cras mi pede, malesuada in, imperdiet et, commodo vulputate, justo. In blandit ultrices enim. Lorem ipsum dolor sit amet, consectetuer adipiscing elit. Proin interdum mauris non ligula pellentesque ultrices.', '#Violet', '2022-02-08', 'Marlow', '2021-09-29', 'Karlene');
insert into article (user_id, title, content, hashtag, created_at, created_by, modified_at, modified_by) values ('uno', 'Kangaroo, red', 'Cum sociis natoque penatibus et magnis dis parturient montes, nascetur ridiculus mus. Etiam vel augue. Vestibulum rutrum rutrum neque. Aenean auctor gravida sem.', '#Mauv', '2021-11-12', 'Kale', '2021-09-18', 'Daffy');
insert into article (user_id, title, content, hashtag, created_at, created_by, modified_at, modified_by) values ('uno', 'Nelson ground squirrel', 'Maecenas leo odio, condimentum id, luctus nec, molestie sed, justo. Pellentesque viverra pede ac diam. Cras pellentesque volutpat dui. Maecenas tristique, est et tempus semper, est quam pharetra magna, ac consequat metus sapien ut nunc. Vestibulum ante ipsum primis in faucibus orci luctus et ultrices posuere cubilia Curae; Mauris viverra diam vitae quam.', '#Indigo', '2021-12-31', 'Lolly', '2022-02-14', 'Clary');
insert into article (user_id, title, content, hashtag, created_at, created_by, modified_at, modified_by) values ('uno', 'Tamandua, southern', 'Quisque porta volutpat erat. Quisque erat eros, viverra eget, congue eget, semper rutrum, nulla. Nunc purus.', '#Purple', '2022-06-27', 'Latrena', '2021-08-11', 'Rossie');
insert into article (user_id, title, content, hashtag, created_at, created_by, modified_at, modified_by) values ('uno', 'Clark''s nutcracker', 'Suspendisse potenti. Cras in purus eu magna vulputate luctus. Cum sociis natoque penatibus et magnis dis parturient montes, nascetur ridiculus mus. Vivamus vestibulum sagittis sapien. Cum sociis natoque penatibus et magnis dis parturient montes, nascetur ridiculus mus. Etiam vel augue.', '#Blue', '2021-12-12', 'Arty', '2022-02-07', 'Aleece');
insert into article (user_id, title, content, hashtag, created_at, created_by, modified_at, modified_by) values ('uno', 'Raccoon, common', 'Vestibulum ante ipsum primis in faucibus orci luctus et ultrices posuere cubilia Curae; Donec pharetra, magna vestibulum aliquet ultrices, erat tortor sollicitudin mi, sit amet lobortis sapien sapien non mi. Integer ac neque. Duis bibendum. Morbi non quam nec dui luctus rutrum. Nulla tellus. In sagittis dui vel nisl. Duis ac nibh. Fusce lacus purus, aliquet at, feugiat non, pretium quis, lectus. Suspendisse potenti.', '#Blue', '2022-04-20', 'Paolina', '2021-10-15', 'Winston');
insert into article (user_id, title, content, hashtag, created_at, created_by, modified_at, modified_by) values ('uno', 'Shrike, southern white-crowned', 'Donec posuere metus vitae ipsum. Aliquam non mauris. Morbi non lectus. Aliquam sit amet diam in magna bibendum imperdiet. Nullam orci pede, venenatis non, sodales sed, tincidunt eu, felis. Fusce posuere felis sed lacus. Morbi sem mauris, laoreet ut, rhoncus aliquet, pulvinar sed, nisl. Nunc rhoncus dui vel sem. Sed sagittis.', '#Crimson', '2021-09-14', 'Agnes', '2022-03-06', 'Lise');
insert into article (user_id, title, content, hashtag, created_at, created_by, modified_at, modified_by) values ('uno', 'Common wombat', 'Morbi vel lectus in quam fringilla rhoncus. Mauris enim leo, rhoncus sed, vestibulum sit amet, cursus id, turpis. Integer aliquet, massa id lobortis convallis, tortor risus dapibus augue, vel accumsan tellus nisi eu orci. Mauris lacinia sapien quis libero. Nullam sit amet turpis elementum ligula vehicula consequat.', '#Violet', '2021-11-08', 'Ken', '2022-06-15', 'Rhys');
insert into article (user_id, title, content, hashtag, created_at, created_by, modified_at, modified_by) values ('uno', 'North American river otter', 'Morbi ut odio. Cras mi pede, malesuada in, imperdiet et, commodo vulputate, justo. In blandit ultrices enim. Lorem ipsum dolor sit amet, consectetuer adipiscing elit. Proin interdum mauris non ligula pellentesque ultrices. Phasellus id sapien in sapien iaculis congue. Vivamus metus arcu, adipiscing molestie, hendrerit at, vulputate vitae, nisl. Aenean lectus. Pellentesque eget nunc. Donec quis orci eget orci vehicula condimentum.', '#Teal', '2022-04-21', 'Gus', '2022-07-10', 'Billy');
insert into article (user_id, title, content, hashtag, created_at, created_by, modified_at, modified_by) values ('uno', 'Paca', 'Etiam faucibus cursus urna. Ut tellus. Nulla ut erat id mauris vulputate elementum. Nullam varius. Nulla facilisi. Cras non velit nec nisi vulputate nonummy. Maecenas tincidunt lacus at velit. Vivamus vel nulla eget eros elementum pellentesque. Quisque porta volutpat erat.', '#Aquamarine', '2021-07-01', 'Brig', '2021-10-11', 'Ricoriki');
insert into article (user_id, title, content, hashtag, created_at, created_by, modified_at, modified_by) values ('uno', 'Squirrel, eurasian red', 'Proin interdum mauris non ligula pellentesque ultrices.', '#Red', '2022-07-25', 'Buckie', '2021-09-26', 'Merle');
insert into article (user_id, title, content, hashtag, created_at, created_by, modified_at, modified_by) values ('dadak', 'Fox, blue', 'Morbi odio odio, elementum eu, interdum eu, tincidunt in, leo. Maecenas pulvinar lobortis est. Phasellus sit amet erat. Nulla tempus.', '#Pink', '2022-03-20', 'Jarrod', '2022-02-09', 'Crissy');
insert into article (user_id, title, content, hashtag, created_at, created_by, modified_at, modified_by) values ('dadak', 'Legaan, ground', 'In quis justo. Maecenas rhoncus aliquam lacus.', '#Blue', '2022-01-09', 'Jon', '2022-06-30', 'Rici');
insert into article (user_id, title, content, hashtag, created_at, created_by, modified_at, modified_by) values ('dadak', 'Sociable weaver', 'Pellentesque eget nunc.', '#Goldenrod', '2022-04-21', 'Kinsley', '2022-06-04', 'Opal');
insert into article (user_id, title, content, hashtag, created_at, created_by, modified_at, modified_by) values ('dadak', 'Blue wildebeest', 'Aliquam augue quam, sollicitudin vitae, consectetuer eget, rutrum at, lorem. Integer tincidunt ante vel ipsum. Praesent blandit lacinia erat. Vestibulum sed magna at nunc commodo placerat. Praesent blandit.', '#Khaki', '2021-10-07', 'Lexi', '2022-05-22', 'Symon');
insert into article (user_id, title, content, hashtag, created_at, created_by, modified_at, modified_by) values ('dadak', 'Heron, goliath', 'Vestibulum ante ipsum primis in faucibus orci luctus et ultrices posuere cubilia Curae; Mauris viverra diam vitae quam. Suspendisse potenti. Nullam porttitor lacus at turpis. Donec posuere metus vitae ipsum. Aliquam non mauris.', '#Violet', '2022-03-23', 'Luke', '2021-10-25', 'Brittan');
insert into article (user_id, title, content, hashtag, created_at, created_by, modified_at, modified_by) values ('dadak', 'Turaco, violet-crested', 'Donec quis orci eget orci vehicula condimentum. Curabitur in libero ut massa volutpat convallis. Morbi odio odio, elementum eu, interdum eu, tincidunt in, leo. Maecenas pulvinar lobortis est. Phasellus sit amet erat. Nulla tempus. Vivamus in felis eu sapien cursus vestibulum. Proin eu mi. Nulla ac enim.', '#Orange', '2021-10-23', 'Jeff', '2022-07-25', 'Lazarus');
insert into article (user_id, title, content, hashtag, created_at, created_by, modified_at, modified_by) values ('dadak', 'Giant anteater', 'Curabitur gravida nisi at nibh. In hac habitasse platea dictumst. Aliquam augue quam, sollicitudin vitae, consectetuer eget, rutrum at, lorem. Integer tincidunt ante vel ipsum. Praesent blandit lacinia erat. Vestibulum sed magna at nunc commodo placerat. Praesent blandit. Nam nulla.', '#Turquoise', '2021-08-11', 'Adelaide', '2022-07-19', 'Lyndy');
insert into article (user_id, title, content, hashtag, created_at, created_by, modified_at, modified_by) values ('dadak', 'White-necked raven', 'Proin at turpis a pede posuere nonummy. Integer non velit. Donec diam neque, vestibulum eget, vulputate ut, ultrices vel, augue. Vestibulum ante ipsum primis in faucibus orci luctus et ultrices posuere cubilia Curae; Donec pharetra, magna vestibulum aliquet ultrices, erat tortor sollicitudin mi, sit amet lobortis sapien sapien non mi.', '#Orange', '2021-12-19', 'Free', '2021-09-22', 'Murial');
insert into article (user_id, title, content, hashtag, created_at, created_by, modified_at, modified_by) values ('dadak', 'Crane, wattled', 'Nullam molestie nibh in lectus. Pellentesque at nulla. Suspendisse potenti. Cras in purus eu magna vulputate luctus. Cum sociis natoque penatibus et magnis dis parturient montes, nascetur ridiculus mus. Vivamus vestibulum sagittis sapien. Cum sociis natoque penatibus et magnis dis parturient montes, nascetur ridiculus mus. Etiam vel augue. Vestibulum rutrum rutrum neque.', '#Turquoise', '2022-01-14', 'Claretta', '2022-01-12', 'Marisa');
insert into article (user_id, title, content, hashtag, created_at, created_by, modified_at, modified_by) values ('dadak', 'Lemur, sportive', 'In hac habitasse platea dictumst. Aliquam augue quam, sollicitudin vitae, consectetuer eget, rutrum at, lorem. Integer tincidunt ante vel ipsum. Praesent blandit lacinia erat. Vestibulum sed magna at nunc commodo placerat. Praesent blandit. Nam nulla. Integer pede justo, lacinia eget, tincidunt eget, tempus vel, pede. Morbi porttitor lorem id ligula. Suspendisse ornare consequat lectus.', '#Indigo', '2021-10-29', 'Peggi', '2022-02-06', 'Davie');
insert into article (user_id, title, content, hashtag, created_at, created_by, modified_at, modified_by) values ('dadak', 'Southern tamandua', 'Quisque ut erat.', '#Mauv', '2021-10-12', 'Con', '2022-04-13', 'Kenton');
insert into article (user_id, title, content, hashtag, created_at, created_by, modified_at, modified_by) values ('dadak', 'Gecko, barking', 'Nulla tellus. In sagittis dui vel nisl. Duis ac nibh. Fusce lacus purus, aliquet at, feugiat non, pretium quis, lectus. Suspendisse potenti. In eleifend quam a odio. In hac habitasse platea dictumst. Maecenas ut massa quis augue luctus tincidunt. Nulla mollis molestie lorem.', '#Fuscia', '2022-04-04', 'Dodi', '2021-09-17', 'Kiley');
insert into article (user_id, title, content, hashtag, created_at, created_by, modified_at, modified_by) values ('dadak', 'Duck, comb', 'Suspendisse accumsan tortor quis turpis. Sed ante. Vivamus tortor. Duis mattis egestas metus.', '#Blue', '2021-07-06', 'Hadrian', '2021-11-30', 'Yorker');
insert into article (user_id, title, content, hashtag, created_at, created_by, modified_at, modified_by) values ('dadak', 'Columbian rainbow boa', 'Nullam sit amet turpis elementum ligula vehicula consequat. Morbi a ipsum. Integer a nibh.', '#Turquoise', '2021-08-11', 'Gwenora', '2021-10-13', 'Rip');
insert into article (user_id, title, content, hashtag, created_at, created_by, modified_at, modified_by) values ('dadak', 'Wolf spider', 'Donec vitae nisi. Nam ultrices, libero non mattis pulvinar, nulla pede ullamcorper augue, a suscipit nulla elit ac nulla. Sed vel enim sit amet nunc viverra dapibus. Nulla suscipit ligula in lacus. Curabitur at ipsum ac tellus semper interdum. Mauris ullamcorper purus sit amet nulla. Quisque arcu libero, rutrum ac, lobortis vel, dapibus at, diam.', '#Blue', '2021-09-22', 'Valentino', '2022-07-08', 'Yettie');
insert into article (user_id, title, content, hashtag, created_at, created_by, modified_at, modified_by) values ('dadak', 'Mockingbird, galapagos', 'Suspendisse potenti. In eleifend quam a odio. In hac habitasse platea dictumst. Maecenas ut massa quis augue luctus tincidunt. Nulla mollis molestie lorem. Quisque ut erat.', '#Crimson', '2021-11-24', 'Karla', '2022-03-10', 'Prudy');
insert into article (user_id, title, content, hashtag, created_at, created_by, modified_at, modified_by) values ('dadak', 'Squirrel, antelope ground', 'Pellentesque at nulla.', '#Teal', '2022-05-23', 'Sherie', '2021-10-22', 'Claudelle');
insert into article (user_id, title, content, hashtag, created_at, created_by, modified_at, modified_by) values ('dadak', 'Cobra, cape', 'In hac habitasse platea dictumst. Etiam faucibus cursus urna. Ut tellus. Nulla ut erat id mauris vulputate elementum.', '#Purple', '2022-05-04', 'Malinde', '2022-04-27', 'Marthe');
insert into article (user_id, title, content, hashtag, created_at, created_by, modified_at, modified_by) values ('dadak', 'Tortoise, desert', 'Quisque porta volutpat erat. Quisque erat eros, viverra eget, congue eget, semper rutrum, nulla. Nunc purus. Phasellus in felis. Donec semper sapien a libero. Nam dui.', '#Maroon', '2022-06-12', 'Emmalynn', '2022-02-15', 'Frederico');
insert into article (user_id, title, content, hashtag, created_at, created_by, modified_at, modified_by) values ('dadak', 'Vicuna', 'Praesent blandit lacinia erat. Vestibulum sed magna at nunc commodo placerat. Praesent blandit.', '#Blue', '2022-05-22', 'Vicky', '2022-06-03', 'Findlay');
insert into article (user_id, title, content, hashtag, created_at, created_by, modified_at, modified_by) values ('dadak', 'Lion, southern sea', 'Integer aliquet, massa id lobortis convallis, tortor risus dapibus augue, vel accumsan tellus nisi eu orci. Mauris lacinia sapien quis libero. Nullam sit amet turpis elementum ligula vehicula consequat. Morbi a ipsum.', '#Aquamarine', '2022-05-07', 'Olav', '2022-02-21', 'Barbra');
insert into article (user_id, title, content, hashtag, created_at, created_by, modified_at, modified_by) values ('dadak', 'Nutcracker, clark''s', 'Nullam orci pede, venenatis non, sodales sed, tincidunt eu, felis. Fusce posuere felis sed lacus. Morbi sem mauris, laoreet ut, rhoncus aliquet, pulvinar sed, nisl. Nunc rhoncus dui vel sem. Sed sagittis. Nam congue, risus semper porta volutpat, quam pede lobortis ligula, sit amet eleifend pede libero quis orci. Nullam molestie nibh in lectus.', '#Green', '2022-01-19', 'Carri', '2022-06-29', 'Eldin');
insert into article (user_id, title, content, hashtag, created_at, created_by, modified_at, modified_by) values ('dadak', 'Clark''s nutcracker', 'Maecenas rhoncus aliquam lacus. Morbi quis tortor id nulla ultrices aliquet. Maecenas leo odio, condimentum id, luctus nec, molestie sed, justo. Pellentesque viverra pede ac diam. Cras pellentesque volutpat dui. Maecenas tristique, est et tempus semper, est quam pharetra magna, ac consequat metus sapien ut nunc. Vestibulum ante ipsum primis in faucibus orci luctus et ultrices posuere cubilia Curae; Mauris viverra diam vitae quam. Suspendisse potenti. Nullam porttitor lacus at turpis. Donec posuere metus vitae ipsum.', '#Teal', '2021-08-31', 'Tanner', '2021-11-11', 'Missie');
insert into article (user_id, title, content, hashtag, created_at, created_by, modified_at, modified_by) values ('dadak', 'Skua, long-tailed', 'Cras non velit nec nisi vulputate nonummy. Maecenas tincidunt lacus at velit. Vivamus vel nulla eget eros elementum pellentesque. Quisque porta volutpat erat. Quisque erat eros, viverra eget, congue eget, semper rutrum, nulla.', '#Teal', '2022-01-18', 'Leanna', '2022-03-16', 'Sancho');
insert into article (user_id, title, content, hashtag, created_at, created_by, modified_at, modified_by) values ('dadak', 'Wolf, common', 'Vivamus tortor. Duis mattis egestas metus. Aenean fermentum. Donec ut mauris eget massa tempor convallis.', '#Pink', '2021-07-12', 'Martie', '2022-03-18', 'Stephenie');
insert into article (user_id, title, content, hashtag, created_at, created_by, modified_at, modified_by) values ('dadak', 'Glossy starling (unidentified)', 'Donec posuere metus vitae ipsum. Aliquam non mauris. Morbi non lectus. Aliquam sit amet diam in magna bibendum imperdiet. Nullam orci pede, venenatis non, sodales sed, tincidunt eu, felis.', '#Khaki', '2021-07-14', 'Spike', '2022-04-01', 'Kippy');
insert into article (user_id, title, content, hashtag, created_at, created_by, modified_at, modified_by) values ('dadak', 'Brown and yellow marshbird', 'Praesent lectus.', '#Turquoise', '2021-11-07', 'Lyndy', '2022-07-05', 'Beulah');
insert into article (user_id, title, content, hashtag, created_at, created_by, modified_at, modified_by) values ('dadak', 'Cat, native', 'Morbi odio odio, elementum eu, interdum eu, tincidunt in, leo. Maecenas pulvinar lobortis est. Phasellus sit amet erat. Nulla tempus. Vivamus in felis eu sapien cursus vestibulum. Proin eu mi. Nulla ac enim. In tempor, turpis nec euismod scelerisque, quam turpis adipiscing lorem, vitae mattis nibh ligula nec sem.', '#Yellow', '2022-06-14', 'Arturo', '2021-11-21', 'Rikki');
insert into article (user_id, title, content, hashtag, created_at, created_by, modified_at, modified_by) values ('dadak', 'Sable antelope', 'Ut at dolor quis odio consequat varius. Integer ac leo.', '#Violet', '2022-07-25', 'Julee', '2022-04-08', 'Paule');
insert into article (user_id, title, content, hashtag, created_at, created_by, modified_at, modified_by) values ('dadak', 'Black-backed magpie', 'Proin at turpis a pede posuere nonummy. Integer non velit. Donec diam neque, vestibulum eget, vulputate ut, ultrices vel, augue. Vestibulum ante ipsum primis in faucibus orci luctus et ultrices posuere cubilia Curae; Donec pharetra, magna vestibulum aliquet ultrices, erat tortor sollicitudin mi, sit amet lobortis sapien sapien non mi. Integer ac neque. Duis bibendum. Morbi non quam nec dui luctus rutrum. Nulla tellus. In sagittis dui vel nisl. Duis ac nibh.', '#Red', '2022-03-08', 'Leland', '2021-12-20', 'Ruby');
insert into article (user_id, title, content, hashtag, created_at, created_by, modified_at, modified_by) values ('uno', 'Land iguana', 'In blandit ultrices enim.', '#Teal', '2021-12-01', 'Guinevere', '2021-12-03', 'Ezra');
insert into article (user_id, title, content, hashtag, created_at, created_by, modified_at, modified_by) values ('uno', 'Common pheasant', 'In blandit ultrices enim. Lorem ipsum dolor sit amet, consectetuer adipiscing elit.', '#Violet', '2022-05-07', 'Hermine', '2022-05-27', 'Cyb');
insert into article (user_id, title, content, hashtag, created_at, created_by, modified_at, modified_by) values ('uno', 'Common grenadier', 'Integer ac leo. Pellentesque ultrices mattis odio. Donec vitae nisi. Nam ultrices, libero non mattis pulvinar, nulla pede ullamcorper augue, a suscipit nulla elit ac nulla. Sed vel enim sit amet nunc viverra dapibus. Nulla suscipit ligula in lacus. Curabitur at ipsum ac tellus semper interdum.', '#Fuscia', '2021-11-16', 'Reid', '2022-04-13', 'Glenn');
insert into article (user_id, title, content, hashtag, created_at, created_by, modified_at, modified_by) values ('uno', 'White-necked stork', 'In congue. Etiam justo. Etiam pretium iaculis justo. In hac habitasse platea dictumst. Etiam faucibus cursus urna. Ut tellus. Nulla ut erat id mauris vulputate elementum. Nullam varius. Nulla facilisi. Cras non velit nec nisi vulputate nonummy.', '#Purple', '2022-03-02', 'Ambrose', '2022-01-11', 'Izzy');
insert into article (user_id, title, content, hashtag, created_at, created_by, modified_at, modified_by) values ('uno', 'Egret, snowy', 'Nulla justo. Aliquam quis turpis eget elit sodales scelerisque. Mauris sit amet eros. Suspendisse accumsan tortor quis turpis.', '#Mauv', '2021-08-06', 'Marsh', '2021-11-28', 'Milicent');
insert into article (user_id, title, content, hashtag, created_at, created_by, modified_at, modified_by) values ('uno', 'Turkey, australian brush', 'Praesent lectus. Vestibulum quam sapien, varius ut, blandit non, interdum in, ante. Vestibulum ante ipsum primis in faucibus orci luctus et ultrices posuere cubilia Curae; Duis faucibus accumsan odio. Curabitur convallis. Duis consequat dui nec nisi volutpat eleifend. Donec ut dolor.', '#Puce', '2021-12-10', 'Peggy', '2022-06-03', 'Darnall');
insert into article (user_id, title, content, hashtag, created_at, created_by, modified_at, modified_by) values ('uno', 'Mallard', 'Sed sagittis. Nam congue, risus semper porta volutpat, quam pede lobortis ligula, sit amet eleifend pede libero quis orci. Nullam molestie nibh in lectus. Pellentesque at nulla.', '#Red', '2022-07-16', 'Ernie', '2022-03-13', 'Trevar');
insert into article (user_id, title, content, hashtag, created_at, created_by, modified_at, modified_by) values ('uno', 'Spur-winged goose', 'Aliquam sit amet diam in magna bibendum imperdiet. Nullam orci pede, venenatis non, sodales sed, tincidunt eu, felis. Fusce posuere felis sed lacus. Morbi sem mauris, laoreet ut, rhoncus aliquet, pulvinar sed, nisl. Nunc rhoncus dui vel sem.', '#Khaki', '2021-09-21', 'Linnet', '2021-10-31', 'Temple');
insert into article (user_id, title, content, hashtag, created_at, created_by, modified_at, modified_by) values ('uno', 'Turkey, australian brush', 'Nulla facilisi. Cras non velit nec nisi vulputate nonummy.', '#Pink', '2022-03-22', 'Malvina', '2022-04-17', 'Drona');
insert into article (user_id, title, content, hashtag, created_at, created_by, modified_at, modified_by) values ('uno', 'White-cheeked pintail', 'Fusce congue, diam id ornare imperdiet, sapien urna pretium nisl, ut volutpat sapien arcu sed augue. Aliquam erat volutpat. In congue. Etiam justo.', '#Orange', '2021-07-19', 'Dannel', '2022-01-16', 'Barn');
insert into article (user_id, title, content, hashtag, created_at, created_by, modified_at, modified_by) values ('uno', 'Monkey, black spider', 'Curabitur gravida nisi at nibh.', '#Purple', '2021-07-25', 'Hamnet', '2022-02-14', 'Isabelita');
insert into article (user_id, title, content, hashtag, created_at, created_by, modified_at, modified_by) values ('uno', 'Mourning collared dove', 'Aliquam non mauris. Morbi non lectus. Aliquam sit amet diam in magna bibendum imperdiet. Nullam orci pede, venenatis non, sodales sed, tincidunt eu, felis. Fusce posuere felis sed lacus. Morbi sem mauris, laoreet ut, rhoncus aliquet, pulvinar sed, nisl. Nunc rhoncus dui vel sem. Sed sagittis.', '#Mauv', '2022-07-31', 'Boycey', '2021-08-18', 'Stu');
insert into article (user_id, title, content, hashtag, created_at, created_by, modified_at, modified_by) values ('uno', 'Chital', 'Fusce posuere felis sed lacus. Morbi sem mauris, laoreet ut, rhoncus aliquet, pulvinar sed, nisl. Nunc rhoncus dui vel sem. Sed sagittis. Nam congue, risus semper porta volutpat, quam pede lobortis ligula, sit amet eleifend pede libero quis orci. Nullam molestie nibh in lectus. Pellentesque at nulla. Suspendisse potenti.', '#Crimson', '2022-04-23', 'Courtenay', '2022-04-23', 'Budd');
insert into article (user_id, title, content, hashtag, created_at, created_by, modified_at, modified_by) values ('uno', 'Swan, black', 'Aenean fermentum. Donec ut mauris eget massa tempor convallis. Nulla neque libero, convallis eget, eleifend luctus, ultricies eu, nibh. Quisque id justo sit amet sapien dignissim vestibulum. Vestibulum ante ipsum primis in faucibus orci luctus et ultrices posuere cubilia Curae; Nulla dapibus dolor vel est. Donec odio justo, sollicitudin ut, suscipit a, feugiat et, eros. Vestibulum ac est lacinia nisi venenatis tristique. Fusce congue, diam id ornare imperdiet, sapien urna pretium nisl, ut volutpat sapien arcu sed augue. Aliquam erat volutpat.', '#Aquamarine', '2021-08-04', 'Emilie', '2022-03-25', 'Alejandro');
insert into article (user_id, title, content, hashtag, created_at, created_by, modified_at, modified_by) values ('uno', 'Emu', 'Cras pellentesque volutpat dui. Maecenas tristique, est et tempus semper, est quam pharetra magna, ac consequat metus sapien ut nunc. Vestibulum ante ipsum primis in faucibus orci luctus et ultrices posuere cubilia Curae; Mauris viverra diam vitae quam.', '#Purple', '2022-04-03', 'Jervis', '2022-07-17', 'Michele');
insert into article (user_id, title, content, hashtag, created_at, created_by, modified_at, modified_by) values ('uno', 'Japanese macaque', 'Integer aliquet, massa id lobortis convallis, tortor risus dapibus augue, vel accumsan tellus nisi eu orci. Mauris lacinia sapien quis libero. Nullam sit amet turpis elementum ligula vehicula consequat. Morbi a ipsum. Integer a nibh. In quis justo. Maecenas rhoncus aliquam lacus. Morbi quis tortor id nulla ultrices aliquet.', '#Yellow', '2022-03-27', 'Liane', '2022-01-02', 'Sibylla');
insert into article (user_id, title, content, hashtag, created_at, created_by, modified_at, modified_by) values ('uno', 'Four-spotted skimmer', 'Nullam molestie nibh in lectus. Pellentesque at nulla. Suspendisse potenti. Cras in purus eu magna vulputate luctus. Cum sociis natoque penatibus et magnis dis parturient montes, nascetur ridiculus mus. Vivamus vestibulum sagittis sapien. Cum sociis natoque penatibus et magnis dis parturient montes, nascetur ridiculus mus. Etiam vel augue. Vestibulum rutrum rutrum neque. Aenean auctor gravida sem.', '#Fuscia', '2022-01-26', 'Quintilla', '2021-10-31', 'Mord');
insert into article (user_id, title, content, hashtag, created_at, created_by, modified_at, modified_by) values ('uno', 'Phalarope, grey', 'Nulla nisl.', '#Khaki', '2022-01-08', 'Wilden', '2022-07-02', 'Ingeberg');
insert into article (user_id, title, content, hashtag, created_at, created_by, modified_at, modified_by) values ('uno', 'Civet cat', 'In hac habitasse platea dictumst. Aliquam augue quam, sollicitudin vitae, consectetuer eget, rutrum at, lorem.', '#Indigo', '2022-01-03', 'Cleveland', '2021-10-31', 'Cherilynn');
insert into article (user_id, title, content, hashtag, created_at, created_by, modified_at, modified_by) values ('uno', 'Snake-necked turtle', 'Maecenas pulvinar lobortis est. Phasellus sit amet erat. Nulla tempus. Vivamus in felis eu sapien cursus vestibulum. Proin eu mi. Nulla ac enim. In tempor, turpis nec euismod scelerisque, quam turpis adipiscing lorem, vitae mattis nibh ligula nec sem. Duis aliquam convallis nunc.', '#Maroon', '2022-04-03', 'Deck', '2021-12-15', 'Lorri');
insert into article (user_id, title, content, hashtag, created_at, created_by, modified_at, modified_by) values ('uno', 'Fox, asian red', 'Duis consequat dui nec nisi volutpat eleifend. Donec ut dolor. Morbi vel lectus in quam fringilla rhoncus. Mauris enim leo, rhoncus sed, vestibulum sit amet, cursus id, turpis. Integer aliquet, massa id lobortis convallis, tortor risus dapibus augue, vel accumsan tellus nisi eu orci. Mauris lacinia sapien quis libero. Nullam sit amet turpis elementum ligula vehicula consequat. Morbi a ipsum. Integer a nibh.', '#Pink', '2021-11-19', 'Blair', '2022-01-17', 'Sheri');
insert into article (user_id, title, content, hashtag, created_at, created_by, modified_at, modified_by) values ('uno', 'Bird, bare-faced go away', 'Donec quis orci eget orci vehicula condimentum. Curabitur in libero ut massa volutpat convallis. Morbi odio odio, elementum eu, interdum eu, tincidunt in, leo. Maecenas pulvinar lobortis est. Phasellus sit amet erat. Nulla tempus. Vivamus in felis eu sapien cursus vestibulum. Proin eu mi. Nulla ac enim. In tempor, turpis nec euismod scelerisque, quam turpis adipiscing lorem, vitae mattis nibh ligula nec sem.', '#Turquoise', '2021-10-01', 'Merwyn', '2022-07-27', 'Katina');
insert into article (user_id, title, content, hashtag, created_at, created_by, modified_at, modified_by) values ('uno', 'Snow goose', 'Vivamus vel nulla eget eros elementum pellentesque. Quisque porta volutpat erat. Quisque erat eros, viverra eget, congue eget, semper rutrum, nulla. Nunc purus. Phasellus in felis. Donec semper sapien a libero. Nam dui. Proin leo odio, porttitor id, consequat in, consequat ut, nulla. Sed accumsan felis.', '#Indigo', '2022-02-26', 'Tremain', '2022-03-19', 'Mildrid');
insert into article (user_id, title, content, hashtag, created_at, created_by, modified_at, modified_by) values ('uno', 'Heron, boat-billed', 'Aenean fermentum. Donec ut mauris eget massa tempor convallis. Nulla neque libero, convallis eget, eleifend luctus, ultricies eu, nibh. Quisque id justo sit amet sapien dignissim vestibulum. Vestibulum ante ipsum primis in faucibus orci luctus et ultrices posuere cubilia Curae; Nulla dapibus dolor vel est. Donec odio justo, sollicitudin ut, suscipit a, feugiat et, eros. Vestibulum ac est lacinia nisi venenatis tristique. Fusce congue, diam id ornare imperdiet, sapien urna pretium nisl, ut volutpat sapien arcu sed augue.', '#Puce', '2021-12-21', 'Camel', '2022-02-05', 'Salome');
insert into article (user_id, title, content, hashtag, created_at, created_by, modified_at, modified_by) values ('uno', 'Wild boar', 'Praesent lectus. Vestibulum quam sapien, varius ut, blandit non, interdum in, ante.', '#Maroon', '2022-04-20', 'Blancha', '2021-08-14', 'Jolynn');
insert into article (user_id, title, content, hashtag, created_at, created_by, modified_at, modified_by) values ('uno', 'Hawk-headed parrot', 'Donec odio justo, sollicitudin ut, suscipit a, feugiat et, eros. Vestibulum ac est lacinia nisi venenatis tristique. Fusce congue, diam id ornare imperdiet, sapien urna pretium nisl, ut volutpat sapien arcu sed augue. Aliquam erat volutpat. In congue. Etiam justo. Etiam pretium iaculis justo. In hac habitasse platea dictumst. Etiam faucibus cursus urna. Ut tellus.', '#Indigo', '2021-12-12', 'Gwendolin', '2021-10-24', 'Cariotta');
insert into article (user_id, title, content, hashtag, created_at, created_by, modified_at, modified_by) values ('uno', 'Tortoise, indian star', 'Nulla ac enim. In tempor, turpis nec euismod scelerisque, quam turpis adipiscing lorem, vitae mattis nibh ligula nec sem.', '#Turquoise', '2022-03-14', 'Davy', '2021-12-01', 'Loydie');
insert into article (user_id, title, content, hashtag, created_at, created_by, modified_at, modified_by) values ('uno', 'Puku', 'Vestibulum ante ipsum primis in faucibus orci luctus et ultrices posuere cubilia Curae; Duis faucibus accumsan odio. Curabitur convallis. Duis consequat dui nec nisi volutpat eleifend. Donec ut dolor. Morbi vel lectus in quam fringilla rhoncus. Mauris enim leo, rhoncus sed, vestibulum sit amet, cursus id, turpis. Integer aliquet, massa id lobortis convallis, tortor risus dapibus augue, vel accumsan tellus nisi eu orci.', '#Pink', '2022-02-09', 'Rozalie', '2021-10-04', 'Cathrine');
insert into article (user_id, title, content, hashtag, created_at, created_by, modified_at, modified_by) values ('uno', 'Baboon, savanna', 'Vivamus tortor. Duis mattis egestas metus.', '#Fuscia', '2021-07-22', 'Conchita', '2021-09-30', 'Cam');
insert into article (user_id, title, content, hashtag, created_at, created_by, modified_at, modified_by) values ('uno', 'Arctic ground squirrel', 'Suspendisse potenti. Nullam porttitor lacus at turpis. Donec posuere metus vitae ipsum. Aliquam non mauris.', '#Khaki', '2021-08-05', 'Bern', '2022-02-19', 'Vachel');
insert into article (user_id, title, content, hashtag, created_at, created_by, modified_at, modified_by) values ('dadak', 'Glossy starling (unidentified)', 'Quisque erat eros, viverra eget, congue eget, semper rutrum, nulla. Nunc purus. Phasellus in felis. Donec semper sapien a libero. Nam dui.', '#Orange', '2021-07-03', 'Liva', '2022-03-05', 'Lauren');
insert into article (user_id, title, content, hashtag, created_at, created_by, modified_at, modified_by) values ('dadak', 'Nuthatch, red-breasted', 'In quis justo. Maecenas rhoncus aliquam lacus. Morbi quis tortor id nulla ultrices aliquet. Maecenas leo odio, condimentum id, luctus nec, molestie sed, justo. Pellentesque viverra pede ac diam. Cras pellentesque volutpat dui. Maecenas tristique, est et tempus semper, est quam pharetra magna, ac consequat metus sapien ut nunc. Vestibulum ante ipsum primis in faucibus orci luctus et ultrices posuere cubilia Curae; Mauris viverra diam vitae quam. Suspendisse potenti. Nullam porttitor lacus at turpis.', '#Teal', '2022-05-01', 'Gallagher', '2021-08-21', 'Carmel');
insert into article (user_id, title, content, hashtag, created_at, created_by, modified_at, modified_by) values ('dadak', 'Northern fur seal', 'Praesent lectus. Vestibulum quam sapien, varius ut, blandit non, interdum in, ante. Vestibulum ante ipsum primis in faucibus orci luctus et ultrices posuere cubilia Curae; Duis faucibus accumsan odio. Curabitur convallis. Duis consequat dui nec nisi volutpat eleifend. Donec ut dolor. Morbi vel lectus in quam fringilla rhoncus. Mauris enim leo, rhoncus sed, vestibulum sit amet, cursus id, turpis.', '#Khaki', '2021-08-11', 'Corissa', '2022-03-26', 'Lombard');
insert into article (user_id, title, content, hashtag, created_at, created_by, modified_at, modified_by) values ('dadak', 'Stork, jabiru', 'Praesent id massa id nisl venenatis lacinia. Aenean sit amet justo. Morbi ut odio. Cras mi pede, malesuada in, imperdiet et, commodo vulputate, justo. In blandit ultrices enim. Lorem ipsum dolor sit amet, consectetuer adipiscing elit. Proin interdum mauris non ligula pellentesque ultrices. Phasellus id sapien in sapien iaculis congue. Vivamus metus arcu, adipiscing molestie, hendrerit at, vulputate vitae, nisl.', '#Crimson', '2021-11-28', 'Gustave', '2021-12-04', 'Braden');
insert into article (user_id, title, content, hashtag, created_at, created_by, modified_at, modified_by) values ('dadak', 'Eastern box turtle', 'Suspendisse potenti. Cras in purus eu magna vulputate luctus.', '#Aquamarine', '2021-10-07', 'Dorry', '2021-12-13', 'Sidonia');
insert into article (user_id, title, content, hashtag, created_at, created_by, modified_at, modified_by) values ('dadak', 'Stork, painted', 'Donec ut mauris eget massa tempor convallis. Nulla neque libero, convallis eget, eleifend luctus, ultricies eu, nibh. Quisque id justo sit amet sapien dignissim vestibulum. Vestibulum ante ipsum primis in faucibus orci luctus et ultrices posuere cubilia Curae; Nulla dapibus dolor vel est. Donec odio justo, sollicitudin ut, suscipit a, feugiat et, eros. Vestibulum ac est lacinia nisi venenatis tristique. Fusce congue, diam id ornare imperdiet, sapien urna pretium nisl, ut volutpat sapien arcu sed augue. Aliquam erat volutpat. In congue. Etiam justo.', '#Indigo', '2022-03-11', 'Garnette', '2021-10-15', 'Jeno');
insert into article (user_id, title, content, hashtag, created_at, created_by, modified_at, modified_by) values ('dadak', 'European beaver', 'Vestibulum sed magna at nunc commodo placerat.', '#Yellow', '2021-11-17', 'Aymer', '2022-01-19', 'Anya');
insert into article (user_id, title, content, hashtag, created_at, created_by, modified_at, modified_by) values ('dadak', 'Grizzly bear', 'In sagittis dui vel nisl. Duis ac nibh. Fusce lacus purus, aliquet at, feugiat non, pretium quis, lectus. Suspendisse potenti. In eleifend quam a odio. In hac habitasse platea dictumst. Maecenas ut massa quis augue luctus tincidunt. Nulla mollis molestie lorem. Quisque ut erat.', '#Blue', '2022-05-05', 'Maia', '2022-06-14', 'Aloise');
insert into article (user_id, title, content, hashtag, created_at, created_by, modified_at, modified_by) values ('dadak', 'Tenrec, tailless', 'In hac habitasse platea dictumst. Morbi vestibulum, velit id pretium iaculis, diam erat fermentum justo, nec condimentum neque sapien placerat ante. Nulla justo. Aliquam quis turpis eget elit sodales scelerisque. Mauris sit amet eros. Suspendisse accumsan tortor quis turpis. Sed ante.', '#Fuscia', '2021-07-16', 'Cletus', '2021-10-22', 'Stephenie');
insert into article (user_id, title, content, hashtag, created_at, created_by, modified_at, modified_by) values ('dadak', 'Pine siskin', 'Integer aliquet, massa id lobortis convallis, tortor risus dapibus augue, vel accumsan tellus nisi eu orci. Mauris lacinia sapien quis libero. Nullam sit amet turpis elementum ligula vehicula consequat. Morbi a ipsum. Integer a nibh. In quis justo. Maecenas rhoncus aliquam lacus. Morbi quis tortor id nulla ultrices aliquet. Maecenas leo odio, condimentum id, luctus nec, molestie sed, justo.', '#Red', '2021-10-17', 'Bella', '2022-07-24', 'Elaine');
insert into article (user_id, title, content, hashtag, created_at, created_by, modified_at, modified_by) values ('dadak', 'Bontebok', 'Donec ut mauris eget massa tempor convallis. Nulla neque libero, convallis eget, eleifend luctus, ultricies eu, nibh. Quisque id justo sit amet sapien dignissim vestibulum. Vestibulum ante ipsum primis in faucibus orci luctus et ultrices posuere cubilia Curae; Nulla dapibus dolor vel est. Donec odio justo, sollicitudin ut, suscipit a, feugiat et, eros. Vestibulum ac est lacinia nisi venenatis tristique. Fusce congue, diam id ornare imperdiet, sapien urna pretium nisl, ut volutpat sapien arcu sed augue. Aliquam erat volutpat.', '#Blue', '2021-07-16', 'Chadd', '2021-09-19', 'Maire');
insert into article (user_id, title, content, hashtag, created_at, created_by, modified_at, modified_by) values ('dadak', 'Legaan, ground', 'In eleifend quam a odio. In hac habitasse platea dictumst. Maecenas ut massa quis augue luctus tincidunt.', '#Indigo', '2022-04-01', 'Sasha', '2022-04-06', 'Brigg');
insert into article (user_id, title, content, hashtag, created_at, created_by, modified_at, modified_by) values ('dadak', 'Grouse, sage', 'Phasellus sit amet erat. Nulla tempus. Vivamus in felis eu sapien cursus vestibulum. Proin eu mi. Nulla ac enim.', '#Blue', '2022-05-27', 'Lory', '2021-08-04', 'Thibaud');
insert into article (user_id, title, content, hashtag, created_at, created_by, modified_at, modified_by) values ('dadak', 'Grouse, greater sage', 'In quis justo. Maecenas rhoncus aliquam lacus. Morbi quis tortor id nulla ultrices aliquet. Maecenas leo odio, condimentum id, luctus nec, molestie sed, justo.', '#Teal', '2022-05-21', 'Moises', '2021-12-26', 'Alfredo');
insert into article (user_id, title, content, hashtag, created_at, created_by, modified_at, modified_by) values ('dadak', 'Stork, black-necked', 'Vivamus metus arcu, adipiscing molestie, hendrerit at, vulputate vitae, nisl. Aenean lectus. Pellentesque eget nunc. Donec quis orci eget orci vehicula condimentum. Curabitur in libero ut massa volutpat convallis. Morbi odio odio, elementum eu, interdum eu, tincidunt in, leo. Maecenas pulvinar lobortis est. Phasellus sit amet erat. Nulla tempus.', '#Teal', '2021-09-14', 'Alyson', '2022-05-24', 'Noach');
insert into article (user_id, title, content, hashtag, created_at, created_by, modified_at, modified_by) values ('dadak', 'African darter', 'Maecenas ut massa quis augue luctus tincidunt. Nulla mollis molestie lorem. Quisque ut erat. Curabitur gravida nisi at nibh. In hac habitasse platea dictumst. Aliquam augue quam, sollicitudin vitae, consectetuer eget, rutrum at, lorem.', '#Maroon', '2022-05-29', 'Denys', '2022-01-21', 'Hesther');
insert into article (user_id, title, content, hashtag, created_at, created_by, modified_at, modified_by) values ('dadak', 'Fringe-eared oryx', 'Duis bibendum. Morbi non quam nec dui luctus rutrum. Nulla tellus. In sagittis dui vel nisl.', '#Aquamarine', '2022-06-29', 'Conroy', '2021-12-20', 'Cecilia');
insert into article (user_id, title, content, hashtag, created_at, created_by, modified_at, modified_by) values ('dadak', 'Snake, western patch-nosed', 'Nulla justo. Aliquam quis turpis eget elit sodales scelerisque. Mauris sit amet eros. Suspendisse accumsan tortor quis turpis. Sed ante. Vivamus tortor.', '#Aquamarine', '2022-06-15', 'Jerrie', '2022-05-25', 'Tommy');
insert into article (user_id, title, content, hashtag, created_at, created_by, modified_at, modified_by) values ('dadak', 'Lappet-faced vulture', 'Aliquam sit amet diam in magna bibendum imperdiet. Nullam orci pede, venenatis non, sodales sed, tincidunt eu, felis. Fusce posuere felis sed lacus. Morbi sem mauris, laoreet ut, rhoncus aliquet, pulvinar sed, nisl. Nunc rhoncus dui vel sem. Sed sagittis.', '#Goldenrod', '2021-09-23', 'Caralie', '2022-02-09', 'Ruthi');
insert into article (user_id, title, content, hashtag, created_at, created_by, modified_at, modified_by) values ('dadak', 'Australian sea lion', 'Vivamus metus arcu, adipiscing molestie, hendrerit at, vulputate vitae, nisl. Aenean lectus. Pellentesque eget nunc.', '#Blue', '2022-04-18', 'Virginie', '2022-02-15', 'Beilul');
insert into article (user_id, title, content, hashtag, created_at, created_by, modified_at, modified_by) values ('dadak', 'Sandhill crane', 'Ut at dolor quis odio consequat varius. Integer ac leo. Pellentesque ultrices mattis odio. Donec vitae nisi. Nam ultrices, libero non mattis pulvinar, nulla pede ullamcorper augue, a suscipit nulla elit ac nulla. Sed vel enim sit amet nunc viverra dapibus. Nulla suscipit ligula in lacus. Curabitur at ipsum ac tellus semper interdum. Mauris ullamcorper purus sit amet nulla.', '#Maroon', '2022-04-07', 'Joachim', '2022-03-22', 'Rene');
insert into article (user_id, title, content, hashtag, created_at, created_by, modified_at, modified_by) values ('dadak', 'Owl, madagascar hawk', 'Nulla ac enim. In tempor, turpis nec euismod scelerisque, quam turpis adipiscing lorem, vitae mattis nibh ligula nec sem. Duis aliquam convallis nunc.', '#Turquoise', '2021-09-26', 'Bernette', '2021-08-05', 'Ulrika');
insert into article (user_id, title, content, hashtag, created_at, created_by, modified_at, modified_by) values ('dadak', 'African porcupine', 'Praesent blandit. Nam nulla. Integer pede justo, lacinia eget, tincidunt eget, tempus vel, pede. Morbi porttitor lorem id ligula. Suspendisse ornare consequat lectus. In est risus, auctor sed, tristique in, tempus sit amet, sem. Fusce consequat. Nulla nisl. Nunc nisl. Duis bibendum, felis sed interdum venenatis, turpis enim blandit mi, in porttitor pede justo eu massa.', '#Khaki', '2021-10-08', 'Cosette', '2022-03-17', 'Dannye');


-- 댓글 15+10개
insert into article_comment (article_id, user_id, content, created_at, created_by, modified_at, modified_by) values (1, 'dadak', 'Kedzie', '2022-04-14', 'Brigham', '2022-03-17', 'Winnie');
insert into article_comment (article_id, user_id, content, created_at, created_by, modified_at, modified_by) values (8, 'dadak', 'Sunbrook', '2021-11-06', 'Marcelia', '2022-07-10', 'Ira');
insert into article_comment (article_id, user_id, content, created_at, created_by, modified_at, modified_by) values (5, 'dadak', 'Katie', '2022-04-07', 'Sandro', '2021-08-28', 'Thorndike');
insert into article_comment (article_id, user_id, content, created_at, created_by, modified_at, modified_by) values (6, 'dadak', 'Alpine', '2022-07-15', 'Paco', '2022-05-07', 'Kit');
insert into article_comment (article_id, user_id, content, created_at, created_by, modified_at, modified_by) values (5, 'dadak', 'Messerschmidt', '2021-09-02', 'Maynord', '2022-03-17', 'Pen');
insert into article_comment (article_id, user_id, content, created_at, created_by, modified_at, modified_by) values (6, 'dadak', 'Buell', '2022-06-30', 'Coleen', '2022-05-29', 'Phillis');
insert into article_comment (article_id, user_id, content, created_at, created_by, modified_at, modified_by) values (7, 'dadak', 'Colorado', '2021-08-27', 'Uriel', '2021-12-08', 'Minette');
insert into article_comment (article_id, user_id, content, created_at, created_by, modified_at, modified_by) values (7, 'dadak', 'Evergreen', '2022-01-06', 'Griff', '2022-03-29', 'Doris');
insert into article_comment (article_id, user_id, content, created_at, created_by, modified_at, modified_by) values (8, 'dadak', 'Pankratz', '2021-09-19', 'Cathyleen', '2022-05-23', 'Mercy');
insert into article_comment (article_id, user_id, content, created_at, created_by, modified_at, modified_by) values (2, 'dadak', 'Goodland', '2022-04-03', 'Ezekiel', '2022-02-11', 'Chrissie');
insert into article_comment (article_id, user_id, content, created_at, created_by, modified_at, modified_by) values (3, 'dadak', 'Heffernan', '2022-05-24', 'Dulcinea', '2022-04-21', 'Haleigh');
insert into article_comment (article_id, user_id, content, created_at, created_by, modified_at, modified_by) values (1, 'dadak', 'Dexter', '2021-11-28', 'Shalne', '2022-07-09', 'Monique');
insert into article_comment (article_id, user_id, content, created_at, created_by, modified_at, modified_by) values (10, 'dadak', 'Dottie', '2022-03-15', 'Pavlov', '2021-10-26', 'Staci');
insert into article_comment (article_id, user_id, content, created_at, created_by, modified_at, modified_by) values (2, 'dadak', 'Scoville', '2022-04-20', 'Rod', '2021-10-28', 'Joice');
insert into article_comment (article_id, user_id, content, created_at, created_by, modified_at, modified_by) values (10, 'dadak', 'Thackeray', '2022-02-13', 'Shandeigh', '2021-10-20', 'Husain');
insert into article_comment (article_id, user_id, content, created_at, created_by, modified_at, modified_by) values (9, 'uno', 'Springs', '2022-06-23', 'Katrine', '2021-08-12', 'Harlin');
insert into article_comment (article_id, user_id, content, created_at, created_by, modified_at, modified_by) values (8, 'uno', 'Clemons', '2021-11-11', 'Wilfrid', '2022-02-10', 'Elie');
insert into article_comment (article_id, user_id, content, created_at, created_by, modified_at, modified_by) values (6, 'uno', 'Springview', '2022-05-25', 'Andres', '2022-04-07', 'Doralyn');
insert into article_comment (article_id, user_id, content, created_at, created_by, modified_at, modified_by) values (7, 'uno', 'Hovde', '2022-03-30', 'Cacilie', '2022-03-11', 'Cassy');
insert into article_comment (article_id, user_id, content, created_at, created_by, modified_at, modified_by) values (4, 'uno', 'Eastlawn', '2022-07-18', 'Northrop', '2021-10-14', 'Rivy');
insert into article_comment (article_id, user_id, content, created_at, created_by, modified_at, modified_by) values (6, 'uno', 'Almo', '2022-04-13', 'Alon', '2022-06-07', 'Sabrina');
insert into article_comment (article_id, user_id, content, created_at, created_by, modified_at, modified_by) values (5, 'uno', 'Express', '2022-01-04', 'Pru', '2021-10-05', 'Gran');
insert into article_comment (article_id, user_id, content, created_at, created_by, modified_at, modified_by) values (4, 'uno', 'North', '2021-11-23', 'Ceil', '2022-07-29', 'Marshall');
insert into article_comment (article_id, user_id, content, created_at, created_by, modified_at, modified_by) values (8, 'uno', 'Forster', '2022-01-29', 'Luigi', '2022-05-19', 'Kaile');
insert into article_comment (article_id, user_id, content, created_at, created_by, modified_at, modified_by) values (4, 'uno', 'Old Shore', '2022-06-25', 'Wilfrid', '2022-01-02', 'Erik');